epoch,train_loss,val_loss,train_error1,val_error1,train_error5,val_error5
1,7.106610942729372,6.907906793212891,99.90235465009636,99.9,99.50342148993848,99.5
2,6.911317246350627,6.908090764312744,99.9009496810322,99.9,99.5092755277009,99.5
3,6.907234844296919,6.908235556488037,99.90641344961274,99.9,99.53799933966454,99.5
4,6.906699269280573,6.908334137878418,99.91047224912911,99.9,99.52504240274608,99.5
5,6.906571269480385,6.908398507080078,99.90641344961274,99.9,99.5382335011751,99.5
6,6.906535836184871,6.908429600830078,99.91125278749686,99.9,99.53667242443645,99.5
7,6.906523040927232,6.90844821182251,99.90984781843429,99.9,99.54213619301777,99.5
